Category,Description
Bills,EE
Bills,EE LIMITED
Bills,Nord 
Groceries,SAINSBURYS
Transport,TfL Travel Charge 
Groceries,ALDI STORES 
Bills,Nord 
Bills,EE
Bills,EE LIMITED
Bills,EE
Bills,EE LIMITED
Bills,EE
Bills,EE LIMITED
Bills,EE
Bills,EE LIMITED
Groceries,SAINSBURYS
Groceries,Waitrose
Entertainment,Nord 
Bills,EE
Eating out, Club Mexicana  
Entertainment,ODEON
Transport,TFL TRAVEL 
Groceries,SAINSBURYS
Transport,TFL TRAVEL 
Groceries,Pick n Pay
Entertainment,QUICKET  
Holidays,Hotel at Bookingcom 
Eating out,BEYROOTS  
Transport,TfL Travel Charge 
Eating out,BUBBA CAFE
Eating out,BREWHOUSE AND KITCHEN
Eating out,BREWDOG SEVEN DIALS
Eating out,RUYI
Eating out,Ruyi
Eating out,Ruyi
Eating out,DELIVEROO
Transport,TFL TRAVEL 
Transport,TfL Travel Charge 
Groceries,SAINSBURYS
Bills,Council
Eating out,Ship 
Groceries,Woolworths
Shopping,ARGOS  
Transport,TFL TRAVEL 
Shopping,TK MAXX
Personal care,SUPERDRUG STORES 
Transport,trainline
Eating out,Food
Shopping,adidas  Limited 
Groceries,SAINSBURYS
Transport,TFL TRAVEL 
Bills,Council Tax
Transport,TFL TRAVEL 
Groceries,Woolies Dash  
Groceries,SAINSBURYS
Transport,trainline
Groceries,SAINSBURYS
Transport,TfL Travel Charge 
Eating out,Yemek Café
Eating out,DELIVEROO
Groceries,Woolies Dash
Eating out,Yemek Café
Eating out,Deliveroo
Transport,TFL TRAVEL 
Groceries,SAINSBURYS
Groceries,WAITROSE
Eating out,GREGGS
Groceries,MS
Entertainment,PAINTS
Transport,TFL TRAVEL 
Groceries,SAINSBURYS
Transport,trainline
Groceries,CAFEXPRESSOP 
Groceries,SAINSBURYS
Personal care,BOOTS
Personal care,BOOTS
Groceries,SAINSBURYS
Groceries,SAINSBURYS
Personal care,BOOTS
Entertainment,Kings Arms Wandsworth 
Eating out,KFC 
Entertainment,WANDLE  
Eating out,THE EARLSFIELD
Transport,TfL Travel Charge 
Groceries,TESCO PFS 
Entertainment,BOXOFFICECO
Transport,TFL TRAVEL 
Groceries,SAINSBURYS
Groceries,SAINSBURYS
Groceries,WAITROSE
Groceries,SAINSBURYS
Personal care,BOOTS
Bills,EE
Holidays,BA
Holidays,BA  
Holidays,BA INTERNET SALES
Transport,trainline
Transport,EXPENSIFY
Eating out,MCDONALDS
Groceries,SAINSBURYS
Bills,Rent
Bills,WifiH2OCouncilT
Eating out,Al Gusto 
Eating out,PATTY BUN
Groceries,WAITROSE
Transport,TfL Travel Charge 
Eating out, Sh  St Asaph
Groceries,SAINSBURYS
Shopping,TK MAXX
Eating out,SHORYU CARNABY STREET GREAT BRITA
Groceries,WAITROSE
Transfers,Freetrade Limited
Bills,Water
Transport,TFL TRAVEL 
Transport,TFL TRAVEL 
Transport,TFL TRAVEL 
Transport,TFL TRAVEL 
Groceries,SAINSBURYS
Eating out,SOHO THEATRE BAR
Transport,TFL TRAVEL 
Transport,TFL TRAVEL 
Eating out,CURTAINS UP
Transport,TfL Travel Charge 
Transport,TFL TRAVEL 
Transport,TFL TRAVEL 
Groceries,SAINSBURYS
Groceries,WAITROSE
Groceries,SAINSBURYS
Shopping,APPLE
Groceries,SAINSBURYS
Shopping,Takealot  
Groceries,SAINSBURYS
Groceries,Bulk COLCHESTER
Groceries,SAINSBURYS
Bills,Freetrade Limited
Eating out,DELIVEROO
Transport,TfL Travel Charge 
Eating out,SUBWAY 
Shopping,Nike GBP
Groceries,HOLLAND AND BARRETT
Eating out,THE BEDFORD
Groceries,SAINSBURYS
Groceries,SAINSBURYS
Transport,EXPENSIFY
Groceries,SAINSBURYS
Shopping,WF WAYFAIR
Shopping,HOLLAND AND BARRETT
Transport,EXPENSIFY
Eating out,The Regent 
Eating out,The Regent 
Eating out,The Regent 
Eating out,DELIVEROO
Groceries,SAINSBURYS
Eating out,Khin Win Food 
Bills,Phone
Transport,TfL Travel Charge 
Groceries,SAINSBURYS
Holidays,Mallorca
Transport,TFL TRAVEL 
Transport,TfL Travel Charge 
Shopping,TK MAXX
Groceries,SAINSBURYS
Shopping,PRIMARK STORES
Holidays,BA  
Holidays,BA  
Bills,EE
Shopping,PARTY AND CELEBRATE
Transport,TFL TRAVEL 
Entertainment,TWICKENHAM EXPERIENCE TWICKENHAM
Eating out,INFERNOS 
Eating out,INFERNOS 
Eating out,INFERNOS 
Eating out,INFERNOS 
Transport,TFL TRAVEL 
Eating out,DELIVEROO
Shopping,PRIMARK STORES
Transport,TfL Travel Charge 
Bills,Rent
Bills,WifiH2OCouncilT
Groceries,Tesco
Entertainment,Twickenham Experience
Groceries,SAINSBURYS
Transport,TFL TRAVEL 
Groceries,SAINSBURYS
Groceries,Woolies Dash  
Groceries,SAINSBURYS
Transfers,Freetrade Limited
Groceries,SAINSBURYS
Groceries,TESCO STORES WESTMINSTER
Groceries,TESCO STORES MAYFAIR
Eating out,PRET A MANGER
Eating out,BREWDOG SOHO
Eating out,The Pear Tree Cafe
Eating out,SUBWAY 
Groceries,WAITROSE
Transport,TFL TRAVEL 
Personal care,BOOTS
Groceries,SAINSBURYS
Groceries,WAITROSE
Eating out,From The Ashes
Groceries,SAINSBURYS
Bills,Car
Transport,TFL TRAVEL 
Transport,TfL Travel Charge 
Groceries,SAINSBURYS
Bills,POST OFFICE
Shopping,APPLE
Groceries,SAINSBURYS
Shopping,TK MAXX
Transport,TFL TRAVEL 
Groceries,COOP GROUP FOOD
Eating out,BREWDOG PUB NORTHCOTE
Eating out,OPAOPA
Groceries,SAINSBURYS
Eating out,Greek food
Personal care,BOOTS
Transport,TFL TRAVEL 
Eating out,CAMERINI LIMITED
Eating out,THE KITCHEN 
Eating out,DELIVEROO
Transport,TfL Travel Charge 
Personal care,BOOTS
Shopping,CURRYS ONLINE
Transport,TFL TRAVEL 
Eating out,WATERFRONT
Eating out,IL PAGLIACCIO
Transport,TfL Travel Charge 
Groceries,WAITROSE
Groceries,ALDI STORES 
Groceries,SAINSBURYS
Holidays,AIRBNB HMMXXTZ4ZK
Transport,TfL Travel Charge 
Personal care,BOOTS SEDLEY PLACE
Shopping,MARKSSPENCER  MARBLE ARCH
Groceries,MARKSSPENCER  SACA MARBLE ARCH
Shopping,ZARA BOND STREET
Eating out,Bagel Factory 
Groceries,SAINSBURYS
Eating out,Il Pagliaccio
Eating out,GREGGS
Personal care,SUPERDRUG STORES 
Transport,TFL TRAVEL 
Bills,TV Licensing
Groceries,SAINSBURYS
Groceries,SAINSBURYS HI
Groceries,SAINSBURYS
Personal care,BOOTS
Groceries,ALDI STORES 
Groceries,SAINSBURYS
Shopping,TK MAXX
Eating out,BUONDICIULLOSTERIA 
Eating out,BIRDIES
Eating out,PHOENIX STAFFING L 
Eating out,KAYANI GRILL
Transport,TFL TRAVEL 
Transport,TFL TRAVEL 
Groceries,SAINSBURYS
Transport,TFL TRAVEL 
Bills,O2 PREPAY TOPUP SLOUGH
Groceries,SAINSBURYS
Personal care,BOOTS
Bills,EE
Eating out,THE CYCLIST
Groceries,ALDI STORES 
Bills,Rent
Bills,WifiH2OCouncilT
Entertainment,BIG BUS TOURS 
Personal care,BOOTS
Entertainment,THE CLUB DOM HORSHAM
Transport,TfL Travel Charge 
Eating out,PRET A MANGER
Eating out,ARBORETUM LOUNGE WC2H
Eating out,ARBORETUM LOUNGE WC2H
Transfers,Vanguard
Eating out,Paula ta The Brentwood
Transport,CITYEXPERIENCES
Eating out,HAWKSMOOR
Groceries,SAINSBURYS
Transport,TFL TRAVEL 
Shopping,Souvenir World  
Eating out,ZIA LUCIA 
Groceries,SAINSBURYS
Groceries,SAINSBURYS
Transport,TfL Travel Charge 
Eating out,THE BEDFORD
Bills,Council
Groceries,BENS COOKIES BATH
Eating out,PRET A MANGER
Shopping,TOBACCO
Eating out,Kingdom Of Sweets
Transport,TFL TRAVEL 
Eating out,DISHOOM KINGS CROSS
Groceries,THE SAVANNA
Transport,TfL Travel Charge 
Transfers,Monzo
Transfers,Monzo
Eating out,THE CLACHAN
Eating out,FIVE GUYS OXFORD CIRCU
Bills,Energy
Transport,TFL TRAVEL 
Transport,trainline
Eating out,DELIVEROO
Eating out,Pret a Manger Oxf Oxford
Eating out,Baste Chadlington
Groceries,CURDLE HILL FARM L 
Entertainment,Bell at Stow Cheltenham
Groceries,COOPERATIVE FOOD CHELTENHAM
Entertainment,Movies
Eating out, HUFFKINS Burford
Transport,TFL TRAVEL 
Groceries,COOPERATIVE FOOD CHELTENHAM
Transport,Trainline 
Eating out,HACKETTS STOW STOW ON THE W
Groceries,SAINSBURYS
Transport,TFL TRAVEL 
Transfers,Monzo
Eating out,HACHE BURGER
Personal care,SUPERDRUG STORES 
Groceries,SAINSBURYS
Bills,Energy
Eating out,GAILS
Eating out,Turnips 
Entertainment,JTR Museum 
Eating out,CAFE ROUGE GREAT BRITAI
Groceries,SAINSBURYS
Eating out,UBER TECHNOLOGIES INC SAN FRANCISCO CA
Transport,UBER PENDING 
Transport,UBER PENDING 
Transport,UBER PENDING 
Shopping,MS SIMPLY FOOD SSP HEATHROW
Transport,TfL Travel Charge 
Shopping,TK MAXX
Personal care,BOOTS
Groceries,SAINSBURYS
Transport,UBER PENDING 
Transport,trainline
Eating out,KAYANI GRILL
Eating out,Kayani Grill
Transport,Uber
Groceries,Sainsburys
Eating out,Lunch
Transport,TFL TRAVEL 
Groceries,SAINSBURYS
Eating out,GAILS
Transport,TfL Travel Charge 
Groceries,SAINSBURYS
Entertainment,Theatre Royal Haymarket
Groceries,SAINSBURYS
Transfers,Monzo
Groceries,SAINSBURYS
Groceries,SAINSBURYS
Bills,EE
Groceries,WAITROSE
Bills,Rent
Bills,WifiH2OCouncilT
Eating out,GAILS
Personal care,SUPERDRUG STORES 
Groceries,SAINSBURYS
Eating out,THE BEDFORD
Entertainment,Banana Cabaret
Groceries,WAITROSE
Transfers,Vanguard
Bills,Electricity
Bills,Octopus Energy
Bills,Gas
Bills,Octopus Energy
Eating out,Breakfast
Transport,TFL TRAVEL 
Groceries,WAITROSE
Eating out,GAILS
Groceries,SAINSBURYS
Groceries,WAITROSE
Groceries,ALDI STORES 
Groceries,SAINSBURYS
Holidays,VIR ATL
Bills,apple 
Transport,TfL Travel Charge 
Groceries,SAINSBURYS
Groceries,SAINSBURYS
Transport,TFL TRAVEL 
Groceries,SAINSBURYS
Groceries,SAINSBURYS
Groceries,SAINSBURYS
Transport,TFL CYCLE HIRE
Groceries,SAINSBURYS ST JOHNS H
Eating out,Coat Badge 
Eating out,Coat Badge 
Eating out,MCDONALDS
Transport,TfL Travel Charge 
Personal care,BOOTS
Shopping,TK MAXX
Personal care,SUPERDRUG STORES 
Groceries,SAINSBURYS
Shopping,Nike GBP
Groceries,WAITROSE
Groceries,WAITROSE
Eating out,THUNDERBIRD FRIED 
Eating out,Alexandra 
Eating out,Alexandra 
Eating out,Alexandra 
Eating out,KAYANI GRILL
Entertainment, Theatre
Transport,TFL TRAVEL 
Groceries,WAITROSE
Groceries,SAINSBURYS
Groceries,SAINSBURYS
Groceries,TESCO STORES HAMMERSMITH
Transport,TFL TRAVEL 
Transport,TfL Travel Charge 
Eating out,GAILS
Eating out,The Regent 
Eating out,Hagen and Hyde 
Eating out,Hagen and Hyde 
Eating out,KAYANI GRILL
Transfers,Monzo
Bills,EE
Shopping,MARKSSPENCER  KENSINGTON
Groceries,WAITROSE
Bills,Rent
Bills,WifiH2OCouncilT
Groceries,SAINSBURYS
Transport,TFL TRAVEL 
Entertainment,CINEMA COMEDY THEA
Groceries,SAINSBURYS
Eating out,The Sun 
Entertainment,THE TOP SECRET COMEDY WC2B
Entertainment,THE TOP SECRET COM 
Eating out,MCDONALDS
Transfers,Vanguard
Groceries,SAINSBURYS
Transport,TFL TRAVEL 
Bills,Subscription
Bills,Gas
Bills,Octopus Energy
Groceries,SAINSBURYS
Groceries,SAINSBURYS
Groceries,WAITROSE
Bills,Gas
Transport,TfL Travel Charge 
Bills,apple 
Holidays,Norwegian Air Shuttle
Bills,Energy bill
Transport,TFL TRAVEL 
Eating out,MARKS SPENCER WATERL
Entertainment,BAG ONAILS VICTORIA
Eating out,MS SIMPLY FOOD
Groceries,WAITROSE
Groceries,SAINSBURYS
Personal care,CAMERINI LIMITED
Eating out,LARK
Groceries,SAINSBURYS
Eating out, The Pear Tree Cafe
Eating out, The Pear Tree Cafe
Transport,TFL TRAVEL 
Transport,TfL Travel Charge 
Entertainment,KAYAL LEAMINGTON
Groceries,SAINSBURYS
Shopping,AMAZON
Transport,TFL TRAVEL 
Groceries,SAINSBURYS
Groceries,SAINSBURYS
Transport,TFL TRAVEL 
Groceries,WAITROSE
Groceries,SAINSBURYS
Transport,TfL Travel Charge 
Groceries,SAINSBURYS
Entertainment,Arsenal Direct 
Eating out,The Regent 
Eating out,DELIVEROO
Entertainment,Arsenal Direct
Eating out,Deliveroo
Eating out,he Tollington Arms
Eating out,The Regent
Eating out,The Wandle of Earlsfield
Transport,TFL TRAVEL 
Groceries,SAINSBURYS
Personal care,SUPERDRUG STORES 
Groceries,Woolies Dash  
Groceries,SAINSBURYS
Groceries,SAINSBURYS
Groceries,WAITROSE
Groceries,PP Shopspa  
Groceries,Woolies Dash  
Groceries,SAINSBURYS
Shopping,PULL AND BEAR OXFORD S
Shopping,ZARA BOND STREET
Eating out,BREWDOG RETAIL 
Eating out,THE STAR AND GARTER
Groceries,SAINSBURYS SUPERMARKET 
Transport,TFL TRAVEL 
Personal care,SUPERDRUG STORES 
Transport,TfL Travel Charge 
Personal care,SUPERDRUG STORES 
Eating out,PRET A MANGER
Bills,EE
Groceries,WAITROSE WIMBLEDON
Eating out,INFERNOS 
Eating out,INFERNOS 
Eating out,INFERNOS 
Eating out,INFERNOS 
Bills,Rent
Bills,WifiH2OCouncilT
Transfers,Monzo
Eating out,KAYANI GRILL
Transport,TFL TRAVEL 
Personal care,SAINSBURYS
Transport,TFL TRAVEL 
Transfers,Monzo
Groceries,SAINSBURYS
Transfers,Vanguard
Bills,Energy
Bills,Octopus Energy
Bills,apple
Eating out,Common
Eating out,Casa Pastor 
Transport,TFL TRAVEL 
Transport,TfL Travel Charge 
Transport,TFL TRAVEL 
Entertainment,DISCO BOWL
Groceries,TESCO STORES
Entertainment,THE GREAT NORTH WOOD
Groceries,SAINSBURYS
Transport,TFL TRAVEL 
Bills,TV Licensing
Groceries,SAINSBURYS
Groceries,SAINSBURYS
Transport,TfL Travel Charge 
Eating out,LOCATION
Eating out,HOME SLICE
Transport,TFL TRAVEL 
Personal care,SUPERDRUG STORES 
Eating out,SUNNEYFIELDS  
Eating out,THE PORTERHOUSE
Groceries,SAINSBURYS
Transport,TFL TRAVEL 
Eating out,MEGANS ON THE HILL 
Eating out,THE AVALON PUB
Eating out,MCDONALDS
Groceries,SAINSBURYS
Transport,TfL Travel Charge 
Transport,TFL TRAVEL 
Eating out,THE CUMBERLAND ARMS
Eating out,THE CUMBERLAND ARMS
Groceries,SAINSBURYS
Transport,TFL TRAVEL 
Shopping,SONY
Groceries,SAINSBURYS
Transport,TfL Travel Charge 
Groceries,WAITROSE
Groceries,SAINSBURYS
Shopping,TK MAXX
Groceries,SAINSBURYS
Bills,EE
Groceries,SAINSBURYS
Bills,Rent
Bills,WifiH2OCouncilT
Transfers,Monzo
Transfers,Freetrade Limited
Shopping,thulecomengb HAVERHILL
Transport,TFL TRAVEL 
Transport,TFL TRAVEL 
Personal care,SUPERDRUG STORES 
Entertainment,Resident Advisor
Entertainment,Brixton Jamm 
Entertainment,Brixton Jamm 
Entertainment,Brixton Jamm 
Eating out,MCDONALDS
Transport,TfL Travel Charge 
Bills,Energy
Groceries,LEBANESE MEZA
Groceries,AMELIAS BAKE HOUSE
Eating out,THE EXHIBIT 
Eating out,THE EXHIBIT 
Shopping,TK MAXX
Groceries,SAINSBURYS
Entertainment,Yandisa Founda 
Bills,apple 
Transport,TFL TRAVEL 
Transport,TFL TRAVEL 
Transfers,Sent from Revolut
Eating out,WEST KENSINGTO 
Transport,TfL Travel Charge 
Transport,TfL Travel Charge 
Entertainment,PYDDe of Battersea 
Entertainment,PYDDe of Battersea 
Entertainment,PYDDe of Battersea 
Eating out,KAYANI GRILL
Transport,TFL TRAVEL 
Eating out,Uber  Eats 
Bills,TV Licensing
Personal care,SUPERDRUG STORES 
Bills,EE
Bills,EE LIMITED
Personal care,BOOTS
Holidays,Bookingcom
Transport,Trainline 
Transport,Trainline
Eating out,CAFFE NERO GATWICK GATWICK AIRPO
Eating out,Arli Event ApS Kobenhavn
Eating out,Ba ApS Koebenhavn
Groceries,Lagkagehuset Koebenhavn
Eating out,ChristmasEvent Kobenhavn
Eating out,Cocktail
Eating out,Reasturant
Entertainment,Tivoli AS FB Koebenhavn
Eating out,Tivoli AS FB Koebenhavn
Entertainment,Broennum Koebenhavn
Entertainment,Rosenborg Kobenhavn
Eating out,CHURROS
Transport,DSB Koebenhavn
Eating out,Lagkagehuset Kastrup 
Groceries,WHSMITH
Transport,TfL Travel Charge 
Groceries,SAINSBURYS
Transport,TFL TRAVEL 
Transport,TFL TRAVEL 
Groceries,SAINSBURYS
Transport,TfL Travel Charge 
Shopping,HOLLISTER 
Shopping,Nike GBP
Groceries,SAINSBURYS
Eating out,WALRUS AND CARPENTER
Eating out,WALRUS AND CARPENTER
Eating out,MCDONALDS
Groceries,SAINSBURYS
Groceries,SAINSBURYS
Transport,TFL TRAVEL 
Shopping,Hamleys Regent Street 
Eating out,SHAKE SHACK COVENTRY
Transport,TfL Travel Charge 
Personal care,SUPERDRUG STORES 
Eating out,PLANET ORGANIC BAL
Shopping,HOLLISTER CO REGENT ST
Bills,Council Tax
Transport,TFL TRAVEL 
Shopping,HOLLISTER CO REGENT ST REGENT STREETW1B 4EW 
Groceries,SAINSBURYS  
Entertainment,TICKETS
Entertainment,See Tickets
Entertainment,See Tickets
Groceries,SAINSBURYS
Bills,Rent
Bills,WifiH2OCouncilT
Transfers,Monzo
Transfers,ISA
Entertainment,DE OF WELLINGTON SW1W
Entertainment,DE OF WELLINGTON SW1W
Eating out,Bleecker E1 6PJ
Transport,TFL TRAVEL 
Transport,TfL Travel Charge 
Groceries,SAINSBURYS
Eating out,GAILS
Eating out,DINES FEUER BOWLE WW
Entertainment,WINTER WONDERLAND
Entertainment,WINTER WONDERLAND
Eating out,Bavarian Village 
Entertainment,WINTER WONDERLAND
Entertainment,WINTER WONDERLAND
Bills,Energy
Bills,Octopus Energy
Transport,TFL TRAVEL 
Entertainment,Winter Wonderland
Transport,LHR T3 WDF MAIN TERMINAL
Groceries,HEATHROW T3 HEATHROW T3
Eating out,PRET A MANGER HOUNSLOW
Transport,TfL Travel Charge 
Groceries,Checkers Fresh
Eating out,THE LOCAL EATERY AT KE  
Eating out,Seattle  Western Cape 
Shopping,Refinery  WC 
Personal care,MANI PEDI
Personal care,Dischem Somerset Mall WC 
Groceries,AMPED SPORT
Entertainment,Winter Wonderland
Entertainment,Carousel Bars
Entertainment,Winter Wonderland
Entertainment,Winter Wonderland
Entertainment,Winter Wonderland
Groceries,Checkers Fresh X Sitar SB083549 
Eating out,THE LOCAL EATERY AT KE  
Bills,apple 
Transport,SHELL ZEEZICHT MOTORS  
Eating out,BOTANICUM AT MORGENSTE RWOODSTOCK 
Eating out,Bavarian Village
Shopping,AGRIMARK 
Eating out,CAN
Groceries,TIME BY TRIGG
Shopping,SORBET
Eating out,TIGERS MILK 
Groceries,PnP
Eating out,MCD
Personal care,ON MANE
Personal care,DRS LOURENS
Groceries,Checkers Fresh
Entertainment,YELLOW TOAST PRETORIA 
Eating out,BLAAUWKLIPPEN
Eating out,STADIUM EVENTS
Eating out,BLAAUWKLIPPEN
Eating out,THE LOCAL EATERY
Personal care,Dischem
Groceries,Checkers Fresh
Eating out,THE LOCAL EATERY
Transport,SHELL FIRGROVE  
Shopping,Dischem
Groceries,Checkers Fresh
Groceries,Liquor Shop
Groceries,WOOLWORTHS
Shopping,PEP 
Shopping,COTTON ON 
Eating out,BOOTLEGGER BAKOVEN
Eating out,CAFE CAPRICE
Eating out,THE LOCAL EATERY AT KE  
Groceries,Liquor Shop Sitari
Groceries,WOOLWORTHS SITARI 
Groceries,Checkers Fresh X Sitar
Personal care,Dischem Sitari Fields WC 
Eating out,THE LOCAL EATERY AT KE  
Bills,Phone
Groceries,SCHOON BRIGHT STREET  
Bills,Rent
Bills,WifiH2OCouncilT
Transfers,Monzo
Transfers,ISA
Eating out,GIOVANNIS EIKENDAL Krigeville 
Personal care,CMPA Heldervue Pharmac Heldervue 
Groceries,KwikSpar Heldervue Western Cape 
Groceries,SHELL ROBERTSON CONV C Robertson 
Eating out,GUANO CAVE MONTAGU 
Personal care,CMPA Robertson Apteek Western Cape 
Personal care,CMPA Robertson Apteek Western Cape 
Groceries,SuperSpar Robertson Western Cape 
Groceries,PLATFORM ASHTON 
Groceries,PLATFORM ASHTON 
Eating out,GUANO CAVE MONTAGU 
Groceries,PLATFORM ASHTON 
Groceries,PLATFORM ASHTON 
Transport,ENGEN CROYDON  
Bills,apple 
Eating out,TIGERS MILK SOMERSET W CAPETOWN 
Transport,ENGEN CROYDON  
Groceries,SHELL UC RIVIERSONDERE  
Eating out,OU MEUL RIVERSDAL RIVIERSONDER 
Transport,YORK FILLING STATION UN 
Eating out,ROLANDALE RESTAUR6219 SWELLENDAM 
Bills,TV Licensing
Transport,UBER PENDING helpubercom NLD
Eating out,HASKELL VINEYARDSPTY Stellenbosch 
Eating out,HASKELL VINEYARDSPTY Stellenbosch 
Eating out,IKHThirsty Scarecrow  
Transport,UBER PENDING helpubercom NLD
Transport,UBER PENDING helpubercom NLD
Eating out,CRUMBS AND CREAM PTY  
Eating out,LAMB ROLLA  
Groceries,Yoco VA Store Las P  
Shopping,ZARA WATERFRONT 3 
Eating out,Yoco High Regards  
Eating out,TALLAHASSEE SPUR SOMERSET WES 
Shopping,COTTON ON SOMERSET MAL SOMERSET 
Shopping,POLO SOMERSET MALL CAP GAUTENG 
Shopping,Somerset Timbers Western Cape 
Shopping,Brights Blackheath Kuils River 
Groceries,Yoco LEKKER LEKKER  
Shopping,BUILD IT   
Shopping,Somerset Timbers Western Cape 
Bills,Gym
Personal care,THAI SABAI DAY SPA SKI  
Shopping,V A WATERFRONT  
Holidays,VIR ATL 
Groceries,Spar De Helderbosch Western Cape 
Groceries,NICE ICE STRAND 
Groceries,BILTONG MASTER  
Groceries,WOOLWORTHS WATERSTONE 
Eating out,WOOLWORTHS WATERSTONE 
Eating out,MORGENSTER SOMERSET WES 
Transport,TfL Travel Charge 
Entertainment,Rugby Football Union
Eating out,JOE and THE JUICE  L 
Shopping,myprotein INTERNET
Shopping,myprotein INTERNET
Bills,Rent
Bills,WifiH2OCouncilT
Transfers,Monzo
Transfers,Savings Account
Entertainment,Theater
Transport,TFL TRAVEL 
Transport,TfL Travel Charge 
Personal care,SAINSBURYS
Personal care,SUPERDRUG STORES 
Personal care,BOOTS  ECOMM BEESTON
Entertainment,F1 Arcade
Eating out,The Regent 
Eating out,NANDOSCO
Eating out,Drinks
Eating out,The Regent
Transport,TFL TRAVEL 
Transport,TFL TRAVEL 
Transport,TfL Travel Charge 
Bills,apple 
Transport,TFL TRAVEL 
Entertainment,THE AVALON PUB
Entertainment,THE AVALON PUB
Entertainment,THE AVALON PUB
Transport,TFL TRAVEL 
Shopping,WOOLWORTHS ONLINE  
Bills,TV Licensing
Shopping,MS SIMPLY FOOD SSP MBONE STN
Transport,TFL TRAVEL 
Eating out, CASTLE QUAY 
Transport,TfL Travel Charge 
Personal care,BOOTS
Shopping,TK MAXX
Eating out,Hopper Coffee 
Eating out,GAILS
Shopping,TK MAXX
Transport,TFL TRAVEL 
Bills,Freetrade Limited
Transport,TFL TRAVEL 
Groceries,HOLLAND AND BARRETT
Transport,TfL Travel Charge 
Groceries,SAINSBURYS
Eating out,Hopper Coffee 
Eating out,Craft and Bec Coffee 
Eating out,MARQUIS OF WESTMINSTER WESTMINSTER
Eating out,PLANET ORGANIC BAL
Bills,Energy
Transport,TFL TRAVEL 
Groceries,SAINSBURYS
Eating out,Marquis Of Westminster
Bills,Rent
Bills,WifiH2OCouncilT
Transfers,Monzo
Transfers,Investment Account
Transport,TFL TRAVEL 
Transport,TfL Travel Charge 
Groceries,SAINSBURYS
Eating out,GAILS
Groceries,SAINSBURYS
Transport,TFL TRAVEL 
Eating out,Coat Badge 
Eating out,Coat Badge 
Eating out,Coat Badge 
Eating out,Coat Badge 
Eating out,What A Chicken 
Eating out,MCDONALDS
Groceries,SAINSBURYS
Transport,TFL TRAVEL 
Eating out,The Little Orange Door 
Eating out,ALEXANDRA CLAPHAM
Entertainment,Devonshire 
Groceries,FOOD AND WINE
Transport,TfL Travel Charge 
Eating out,GAILS
Eating out,Hopper Coffee 
Groceries,SAINSBURYS
Bills,Subscription
Bills,FOXTONS
Bills,Direct debit
Bills,FOXTONS
Bills,Water
Transport,TFL TRAVEL 
Transport,trainline
Bills,apple 
Eating out,COSTA COFFEE WOKING
Eating out,GAILS
Transport,TFL TRAVEL 
Bills,Octopus Energy
Eating out,Over Under Coffee 
Entertainment,Battersea Brewery 
Entertainment,BIRDIES BATTERSEA
Entertainment,BIRDIES BATTERSEA
Eating out,MCDONALDS
Transport,TfL Travel Charge 
Eating out,Hopper Coffee 
Bills,Monthly payment
Transport,TFL TRAVEL 
Bills,Cleaning
Groceries,SAINSBURYS
Transport,TFL TRAVEL 
Groceries,SAINSBURYS
Groceries,TESCO STORES
Eating out,Brodiea
Eating out,Le Bab
Entertainment,Birdies
Groceries,TESCO STORES ELMERS END
Shopping,Amazon
Groceries,TESCO STORES
Transport,TfL Travel Charge 
Eating out,CRABTREE FULHAM
Groceries,TESCO STORES
Bills,TV
Transfers,Sent from Revolut
Holidays,Cornwall Accomodation
Groceries,TESCO STORES
Bills,Bills
Transport,TFL TRAVEL 
Groceries,TESCO STORES
Transport,TfL Travel Charge 
Shopping,Amazon
Groceries,TESCO STORES
Transport,TFL TRAVEL 
Eating out,THE CUMBERLAND ARMS
Eating out,THE CUMBERLAND ARMS
Eating out,CLAPHAM WEST
Groceries,SAINSBURYS
Transfers,Monzo
Shopping,TK MAXX
Groceries,SAINSBURYS
Transport,TFL TRAVEL 
Groceries,HOLLAND AND BARRETT
Eating out,BREWDOG RETAIL 
Eating out,BREWDOG RETAIL 
Entertainment,F1 Arcade 
Entertainment,F1 Arcade 
Transport,TfL Travel Charge 
Transfers,Vanguard
Groceries,TESCO STORES
Bills,Water
Bills,Octopus Energy
Transport,TFL TRAVEL 
Bills,Freetrade 
Bills,Freetrade Limited
Groceries,TESCO STORES
Transport,TFL TRAVEL 
Transport,TfL Travel Charge 
Groceries,NISA LOCAL
Transport,TFL TRAVEL 
Transport,SHELL Horton Cross Ilminster
Eating out,Riviere Sands Comple
Groceries,ASDA
Transport,TFL TRAVEL 
Shopping,SP SILVERORIGINS TRURO
Groceries,ROLYS FUDGE PANTR Marazion
Eating out,PORTHMEOR BEACH CAFE PENZANCE TR26
Bills,apple 
Entertainment,PORTHMEOR SURF ST IVES TR26
Groceries,PORTHMEOR BEACH SHOP PENZANCE TR26
Groceries,COOP GROUP FOOD RETAI PENZANCE
Eating out,The Copper Spoon  Marazion
Groceries,ROLYS FUDGE PANTR Marazion
Eating out,TINY TASTING ROOM EXETER
Eating out,BURGER KING AMESBURY SALISBURY
Transport,TfL Travel Charge 
Transport,TFL TRAVEL 
Bills,Access Balham
Transport,TFL TRAVEL 
Groceries,TESCO STORES
Transport,TfL Travel Charge 
Eating out,Dropshot Coffe
Eating out,PRET A MANGER
Entertainment,PUTT IN THE PARK
Entertainment,PUTT IN THE PARK
Transport,TFL TRAVEL 
Groceries,TESCO STORES
Transport,UBER PENDING 
Groceries,MARKSSPENCER
Bills,Freetrade Limited
Bills,Rent
Transport,TFL TRAVEL 
Groceries,MARKSSPENCER
Groceries,SAINSBURYS
Transport,TfL Travel Charge 
Groceries,SAINSBURYS
Transport,TFL TRAVEL 
Eating out,THE ATLAS SW6
Entertainment,The Prince 
Entertainment,The Prince 
Groceries,TESCO STORES
Transport,TFL TRAVEL 
Transfers,Sent from Revolut
Eating out,THE CUMBERLAND ARMS W14
Groceries,MARKSSPENCER  SF
Transport,TFL TRAVEL 
Eating out,THE PIG AND WHISTLE
Eating out,THE PIG AND WHISTLE
Eating out,THE PARK TAVERN SW18
Eating out,THE PARK TAVERN SW18
Groceries,SHREE MART  
Eating out,WANDLE EARLSFIELD EARLSFIELD
Eating out,WANDLE EARLSFIELD EARLSFIELD
Groceries,MARKSSPENCER  SF
Groceries,SAINSBURYS
Eating out,GAILS EARLSFIELD
Eating out,KFC EARLSFIELD
Eating out,LS KanadaYa 
Eating out,Bilmonte 
Transport,TfL Travel Charge 
Eating out,DISHOOM KENSINGTON
Transport,TFL TRAVEL 
Groceries,SAINSBURYS
Bills,Phone
Groceries,TESCO STORES
Transport,TFL TRAVEL 
Eating out,GAILS
Groceries,SAINSBURYS
Groceries,MARKSSPENCER 
Groceries,TESCO STORES
Transport,TFL TRAVEL 
Entertainment,PYDDEOFHAMMERSMITH 
Transport,TfL Travel Charge 
Groceries,TESCO STORES
Holidays,THE VICTORIA
Entertainment,VENN STREET RECORDS 
Entertainment,VENN STREET RECORDS 
Transport,TFL TRAVEL 
Eating out,CHANTEROY LIMI
Eating out,SAMAIA GEORGIAN
Eating out,Dinner
Groceries,MARKSSPENCER  SF
Eating out,CHANTEROY LIMI Wimbledon Lo
Transport,TFL TRAVEL 
Transfers,Monzo
Transport,TFL TRAVEL 
Eating out,DeRosier Chocolate C 
Groceries,PJ FRANKLAND BUTCHERS
Groceries,LONDIS SW18
Transport,TfL Travel Charge 
Groceries,TESCO STORES
Groceries,MARKSSPENCER  SF
Groceries,Krystals Food market 
Transport,TFL TRAVEL 
Groceries,SAINSBURYS
Eating out,CHANTEROY LIMI Wimbledon Lo
Bills,Freetrade 
Bills,Freetrade 
Eating out,WANDLE EARLSFIELD EARLSFIELD
Eating out,WANDLE EARLSFIELD EARLSFIELD
Eating out,DeRosier Chocolate C 
Eating out,Hopper Coffee 
Transport,TFL TRAVEL 
Groceries,SAINSBURYS 
Groceries,WAITROSE
Eating out,Al Gusto 
Eating out,Al Gusto 
Transport,TfL Travel Charge 
Shopping,ZARA LON BATTERSEA
Eating out,The Black Cab 
Entertainment,SOUTHBANK CLUB VAUXHALL
Eating out,COFFEE
Entertainment,Squash
Bills,APPLE
Transport,TFL TRAVEL 
Entertainment,VAGABOND WINES  
Entertainment,VAGABOND WINES  
Entertainment,VAGABOND WINES  
Transport,TFL TRAVEL 
Transport,TfL Travel Charge 
Eating out,Chiringuito 
Transport,TFL TRAVEL 
Transport,TFL TRAVEL 
Shopping,Battersea Flower Stati 
Entertainment,SOUTHBANK CLUB VAUXHALL
Transport,TfL Travel Charge 
Shopping,AMAZON EU AMAZONCO
Shopping,Amazonco AMAZONCO
Transport,TFL TRAVEL 
Eating out,Curtains Up 
Entertainment,Southbank Club
Groceries,Sainsburys
Groceries,SAINSBURYS 
Transport,TFL TRAVEL 
Groceries,SAINSBURYS 
Bills,Freetrade Limited
Transport,TfL Travel Charge 
Bills,PureGym Limited Leeds
Groceries,SAINSBURYS 
Groceries,CAFEXPRESSOP 
Groceries,Sainsburys
Shopping,Festival Of Fun
Groceries,182A Supermarket  
Transport,TFL TRAVEL 
Entertainment,FREEMANS EVENT PARTNER HARDWICKE
Transport,TfL Travel Charge 
Eating out,The Black Cab 
Eating out,The Black Cab
Transport,TFL TRAVEL 
Shopping,ARGOS  
Transport,TFL TRAVEL 
Entertainment,WWWBETTERORG HIGH WYCOMBE
Transport,TfL Travel Charge 
Entertainment,DESIGNMYNIGHT
Eating out,LOST SOCIETY
Bills,Electricity
Transport,TFL TRAVEL 
Groceries,Sainsburys
Shopping,Amazon
Shopping,NIKE BATTERSEA 
Shopping,Capital Golf  
Entertainment,MAPLE LEAF COVENT GDN
Eating out,DINES BETWEEN THE BRI
Eating out,DINES BETWEEN BRIDGES
Transport,TfL Travel Charge 
Transport,trainline
Eating out,Lucky Beach Hove
Transport,Trainline 
Transport,TfL Travel Charge 
Holidays,WZ AIR  LIMITED
Transport,TFL TRAVEL 
Transport,TfL Travel Charge 
Holidays,Wz Air
Transfers,Monzo
Bills,Rent
Transport,TFL TRAVEL 
Holidays,Flights
Transport,TFL TRAVEL 
Transport,TfL Travel Charge 
Eating out,PYDBrewDog Waterloo 
Eating out,PYDBrewDog Waterloo 
Eating out,PYDBrewDog Waterloo 
Transport,TFL CYCLE HIRE
Transport,TFL TRAVEL 
Transport,TFL CYCLE HIRE
Transport,TFL CYCLE HIRE
Bills,Council and TV
Transport,TFL TRAVEL 
Holidays,Accomodation
Shopping,ARGOS  
Transport,TFL CYCLE HIRE
Transport,TFL TRAVEL 
Transport,TFL CYCLE HIRE
Transport,TFL CYCLE HIRE
Transport,TfL Travel Charge 
Personal care,Dirty Laundry 
Personal care,Dirty Laundry
Transport,Train
Transport,TFL CYCLE HIRE
Bills,apple 
Transport,TFL TRAVEL 
Eating out,KIA Oval Birmingham
Eating out,Piglets Pantry Worthing
Eating out,KIA Oval Birmingham
Eating out,Piglets Pantry Worthing
Transport,TFL CYCLE HIRE
Groceries,TESCOSTORES
Groceries,SAINSBURYS 
Eating out,SEED MARKETING LIM 
Bills,Foxtons
Bills,Foxtons
Bills,EDF Energy
Bills,EDF Energy
Bills,NOW TV
Shopping,NIKE BATTERSEA 
Transport,AnyVan
Bills,EDF Energy
Groceries,SAINSBURYS 
Groceries,SUPERMERCADO BOM DIA CARVOEIRO PRT
Holidays,HOTEL PLAZA CARVOEIRO CARVOEIRO PRT
Transport,TfL Travel Charge 
Eating out,Taberna Portuguesa
Eating out,Rest O Patio
Transport,Uber
Transport,Uber
Holidays,Hotel Plaza Carvoeiro
Eating out,Cazuza Chiringuito
Eating out,GELATARIA LA PLAZZA CARVOEIRO PRT
Eating out,GARDEN RESTAURANTE CARV PRT
Groceries,SUPERMERCADO BOM DIA CARVOEIRO PRT
Eating out,ALL DAY DINING BB LAGOS PRT
Transport,Uber
Entertainment,Palmares Golf
Eating out,All Day Dining Bb
Eating out,All Day Dining Bb
Eating out,All Day Dining
Eating out,Garden Restaurante
Groceries,Supermercado Bom Dia
Eating out,BAR INDIGO LAGOS PRT
Eating out,COFFEE WAVES LAGO PRT
Eating out,THE GARDEN BAR GRILL LAGOS PRT
Eating out,A PETISQUEIRA LAGOS PRT
Eating out,A Petisqueira
Eating out,The Garden
Eating out,Bar Indigo
Eating out,Coffee Waves
Groceries,SPAR LAGOS LAGO PRT
Entertainment,BLACK AND WHITE LAGOS PRT
Entertainment,BLACK AND WHITE LAGOS PRT
Eating out,Coffee Waves
Entertainment,BLACK AND WHITE LAGOS PRT
Eating out,GELICIA LAGOS PRT
Entertainment,BEER E CO FARO PRT
Entertainment,BEER E CO FARO PRT
Eating out,MY SUSHI LAGOS LAGOS PRT
Eating out,THE GARDEN BAR GRILL LAGOS PRT
Bills,PureGym
Entertainment,BLACK AND WHITE LAGOS PRT
Transport,Uber
Eating out,Guanabana
Transport,Uber
Eating out,Bar Indigo
Eating out,The Garden
Transport,TFL TRAVEL 
Groceries,SAINSBURYS 
Transport,Trainline 
Transport,LNER WEB SALES
Transport,TfL Travel Charge 
Groceries,SAINSBURYS 
Transport,Trainline
Transport,TFL TRAVEL 
Groceries,SAINSBURYS 
Eating out,PRET A MANGER
Eating out,Thirteen Thirty One York
Eating out,BOBO LOBO YORK
Eating out,THE MIDDLE FEAST City Centre
Transport,TFL TRAVEL 
Groceries,SAINSBURYS YORK DAVYGA YORK
Shopping,Drakes
Eating out,DYLICIOUS LIMITED YORK YO1
Eating out,KINGS ARMS YORK
Eating out,The Kings Arms
Eating out,THE MIDDLE FEAST City Centre
Eating out,LUCKY DAYS YORK
Bills,Vanguard
Transport,TFL TRAVEL 
Groceries,SAINSBURYS 
Transport,TfL Travel Charge 
Groceries,WH Smith Maryle NW1 6JJ LO
Transport,UBER PENDING 
Transport,UBER PENDING 
Transport,TFL TRAVEL 
Groceries,SAINSBURYS 
Transport,TFL TRAVEL 
Personal care,QUEENSTOWN BARBER
Eating out,Curtains Up 
Groceries,SAINSBURYS 
Transport,TfL Travel Charge 
Transfers,Monzo
Bills,Rent
Groceries,SAINSBURYS 
Eating out,Pockets 
Entertainment,HORSE AND GUARDSMAN
Groceries,TESCOSTORES
Transport,TFL TRAVEL 
Transfers,Luno Money Limited
Transport,TFL TRAVEL 
Transport,TfL Travel Charge 
Groceries,WOOLWORTHS ONLINE  
Groceries,SAINSBURYS 
Transport,TFL TRAVEL 
Transport,TFL TRAVEL 
Bills,apple 
Eating out,Disctrict
Entertainment,The Pear Tree
Entertainment,The Pear Tree
Transport,TFL GAS HOLDERS
Shopping,Cologne
Transport,TfL Travel Charge 
Bills,NOW TV
Transport,TFL TRAVEL 
Eating out,FLESH AND BUNS
Groceries,SAINSBURYS
Transport,TFL TRAVEL 
Groceries,SAINSBURYS 
Transport,TfL Travel Charge 
Shopping,Amazon
Eating out,THE CUMBERLAND ARMS W14
Eating out,THE CUMBERLAND ARMS W14
Groceries,SAINSBURYS 
Transport,TFL TRAVEL 
Eating out,Northcote 
Groceries,COOP GROUP PETROL
Transport,TFL TRAVEL 
Groceries,SAINSBURYS 
Bills,Lambeth Council
Bills,TV Licensing
Groceries,SAINSBURYS 
Bills,PureGym
Transport,TFL TRAVEL 
Bills,EDF Energy
Transport,TfL Travel Charge 
Shopping,AMZNMKTPLACE AMAZONCO
Groceries,SAINSBURYS 
Eating out,Gourmet Coffee Bar K Crewe
Groceries,WH Smith Liverp L1 1JD LIM
Entertainment,The Black Toad Wirral
Groceries,SAINSBURYS SUPERMARKET WIRRAL
Eating out,THE ROLLING STOVE Hoylake
Entertainment,Bespoke Bar Company Carnoustie
Shopping,THE OPEN SHOP ST ANDREWS
Eating out,Absolute Taste  ta St Andrews
Transport,TFL TRAVEL 
Eating out,Absolute Taste  ta St Andrews
Entertainment,DINES MEET GREET
Groceries,DINES LOLAS FISH CHI
Groceries,NOBLES KITCHEN LT Hoylake
Entertainment,Bespoke Bar Company Carnoustie
Eating out,COSTA COFFEE LIVERPOOL
Groceries,SAINSBURYS 
Eating out,GAILS
Transport,TFL TRAVEL 
Groceries,SAINSBURYS 
Shopping,Amazon
Groceries,SAINSBURYS 
Transport,TFL TRAVEL 
Groceries,TESCO STORES
Transport,TfL Travel Charge 
Bills,TV Licensing
Bills,BT
Groceries,SAINSBURYS 
Transport,TFL TRAVEL 
Eating out,HOP POLES
Groceries,SAINSBURYS 
Groceries,TESCO STORES
Shopping,Amazonco AMAZONCO
Transport,TFL TRAVEL 
Eating out,DE OF SUSSEX LAMBETH
Eating out,DE OF SUSSEX LAMBETH
Groceries,SAINSBURYS 
Transport,TfL Travel Charge 
Eating out,Coat Badge 
Eating out,YOUNGSCO
Groceries,LIDL GB
Eating out,REDBACK FULHAM
Transport,UBER PENDING 
Groceries,SAINSBURYS 
Transport,TFL TRAVEL 
Groceries,SAINSBURYS
Transfers,Monzo
Bills,Rent
Transport,TFL TRAVEL 
Shopping,SPORTSDIRECTCOM
Transport,TfL Travel Charge 
Groceries,SAINSBURYS 
Personal care,SUPERDRUG STORES  FULHAM
Eating out,Cock Tavern 
Eating out,FIVE GUYS FULHAM
Entertainment,WWWBETTERORG
Transport,TFL TRAVEL 
Eating out,THE CUMBERLAND ARMS
Eating out,THE CUMBERLAND ARMS
Groceries,SAINSBURYS 
Groceries,SAINSBURYS 
Transport,TFL TRAVEL 
Eating out,Windsor Castle
Eating out,Windsor Castle
Eating out,Windsor Castle
Transport,TfL Travel Charge 
Groceries,SAINSBURYS 
Eating out,Distric 
Shopping,Rituals Battersea 
Transport,TFL TRAVEL 
Eating out,BOUNCE BATTERSEA SW88
Transport,TFL TRAVEL 
Groceries,TESCO STORES
Bills,Rental
Bills,apple 
Transport,TFL TRAVEL 
Groceries,TESCO STORES
Eating out,FLESH AND BUNS
Transport,TfL Travel Charge 
Bills,EDF Energy
Groceries,SAINSBURYS 
Bills,EDF Energy
Groceries,SAINSBURYS
Transport,TFL TRAVEL 
Entertainment,The Pear Tree
Entertainment,The Pear Tree
Groceries,FOOD WINE
Bills,NOW TV
Groceries,SAINSBURYS 
Transport,TFL TRAVEL 
Groceries,SAINSBURYS 
Groceries,SAINSBURYS
Transport,TfL Travel Charge 
Transport,TfL Travel Charge 
Entertainment,WWWBETTERORG HIGH WYCOMBE
Groceries,TESCO STORES
Groceries,SAINSBURYS 
Bills,Lambeth Council
Bills,TV Licensing
Eating out,Ship 
Eating out,Ship 
Eating out,MCDONALDS
Groceries,TESCO STORES
Transport,TFL TRAVEL 
Eating out,THE CUMBERLAND ARMS W14
Eating out,Riverside 
Bills,PureGym
Transport,TfL Travel Charge 
Groceries,TESCO STORES
Groceries,SAINSBURYS 
Transport,TFL TRAVEL 
Groceries,SAINSBURYS 
Groceries,Cacao Nibs
Shopping,AMZNMktplace amazonco
Groceries,SAINSBURYS 
Transport,TFL TRAVEL 
Entertainment,WWWBETTERORG HIGH WYCOMBE
Transport,TfL Travel Charge 
Bills,BT
Groceries,TESCO STORES
Groceries,SAINSBURYS
Transport,TFL TRAVEL 
Transport,TFL TRAVEL 
Transfers,Monzo
Entertainment,Theater
Bills,Thames Water
Bills,Vanguard
